{
    "config": {
        "APP_READ_TABLES":{
            "bq_dataset": "prv_ps_ce_dec_hcb_dev",
            "bq_project": "anbc-hcb-dev"
        },
        "GCP_ENV": "dev",
        "REGION":"us-east4",
        "spanner_update":"true",
        "bq_to_spanner_load":"false",
        "spanner_instance_id": "provider-de",
		"spanner_database_id": "cost-estimator-secure",

        "bq_tables":{
            "bq_provider_table":"CET_RATES"
        },
		"spanner_tables": {
			"spanner_provider_table": {
				"table_name": "CET_RATES", 
				"pk": "NATIONAL_PROVIDER_ID"
			}
        },
        "labels": {
            "CREATE_TABLE_LABEL": "OPTIONS (labels=[(\"owner\",\"{OWNER}\"),(\"costcenter\",\"{COSTCENTER}\")])"
        },
        "COSTCENTER": "790052",
        "QUERY":"UPDATE anbc-hcb-dev.prv_ps_ce_dec_hcb_dev.PAYMENT_METHOD_HIERARCHY SET SCORE = 3 where PAYMENT_METHOD_CD = 'NO-SUPPORTED-PM-ON-CLAIM';",
        "bq_spark_jar": "gs://spark-lib/bigquery/spark-bigquery-with-dependencies_2.12-0.24.2.jar",
        "USER": "amanullam",
        "project_id":"anbc-dev-prv-ps-ce",
        "KMS_KEYRING":"gkr-nonprod-us-east4",
		"VAULT":"cvs-key-vault-nonprod",
        "subnetwork_uri":"sn-aa-use4-anbc-dev-share",
        "cache_url": "https://um-e-2-e-reporting-monitoring-api.hcb-dev.aig.aetna.com/clear_cache",
        "schema":"",
        "dataflow_config":{
            "maxNumWorkers": "55",
            "workerMachineType":"n2-standard-4",
            "subnetwork": "https://www.googleapis.com/compute/v1/projects/insurance-vpc/regions/us-east4/subnetworks/sn-aa-use4-anbc-dev-share",
            "experiments": ["use_network_tags=zsccnpuse4"],
            "min_batch_size":"19000",
            "max_batch_size":"20000"
        }
    }
}
