{
    "membershipId": "5~266590171+10+1+20250801+788200+F+6",
    "zipCode": "",
    "benefitProductType": "Medical",
    "languageCode": "11",
    "careBundleInfo": {
        "bundleName": "",
        "bundleServiceGroupNumber": "",
        "steps": [
            {
                "stepNumber1": [
                    {
                        "serviceCodeInfo": {
                            "serviceCode": "",
                            "serviceType": "",
                            "anchoreCode": "Y",
                            "placeOfServiceCode": ""
                        },
                        "providerInfo": {
                            "serviceLocation": "0478161",
                            "providerType": "PH",
                            "speciality": {
                                "code": "10301"
                            },
                            "taxIdentificationNumber": "",
                            "taxIdQualifier": "",
                            "providerNetworks": {
                                "networkID": "00101"
                            },
                            "providerIdentificationNumber": "7917383",
                            "nationalProviderId": "1871658492",
                            "providerNetworkParticipation": {
                                "providerTier": "1"
                            }
                        }
                    },
                    {
                        "serviceCodeInfo": {
                            "serviceCode": "",
                            "serviceType": "",
                            "anchoreCode": "N",
                            "placeOfServiceCode": ""
                        },
                        "providerInfo": {
                            "serviceLocation": "0478161",
                            "providerType": "PH",
                            "speciality": {
                                "code": "10301"
                            },
                            "taxIdentificationNumber": "",
                            "taxIdQualifier": "",
                            "providerNetworks": {
                                "networkID": "00101"
                            },
                            "providerIdentificationNumber": "7917383",
                            "nationalProviderId": "1871658492",
                            "providerNetworkParticipation": {
                                "providerTier": "1"
                            }
                        }
                    }
                ]
            },
            {
                "stepNumber2": [
                    {
                        "serviceCodeInfo": {
                            "serviceCode": "",
                            "serviceType": "",
                            "anchoreCode": "N",
                            "placeOfServiceCode": ""
                        },
                        "providerInfo": {
                            "serviceLocation": "0478161",
                            "providerType": "PH",
                            "speciality": {
                                "code": "10301"
                            },
                            "taxIdentificationNumber": "",
                            "taxIdQualifier": "",
                            "providerNetworks": {
                                "networkID": "00101"
                            },
                            "providerIdentificationNumber": "7917383",
                            "nationalProviderId": "1871658492",
                            "providerNetworkParticipation": {
                                "providerTier": "1"
                            }
                        }
                    },
                    {
                        "serviceCodeInfo": {
                            "serviceCode": "",
                            "serviceType": "",
                            "anchoreCode": "Y",
                            "placeOfServiceCode": ""
                        },
                        "providerInfo": {
                            "serviceLocation": "0478161",
                            "providerType": "PH",
                            "speciality": {
                                "code": "10301"
                            },
                            "taxIdentificationNumber": "",
                            "taxIdQualifier": "",
                            "providerNetworks": {
                                "networkID": "00101"
                            },
                            "providerIdentificationNumber": "7917383",
                            "nationalProviderId": "1871658492",
                            "providerNetworkParticipation": {
                                "providerTier": "1"
                            }
                        }
                    }
                ]
            }
        ]
    }
}